1,1,conversation_26_final.mp4
2,1,conversation_29_final.mp4
3,1,conversation_30_final.mp4
4,1,conversation_31_final.mp4
5,1,conversation_33_final.mp4
6,2,hugging_kissing_124_final.mp4
7,2,hugging_kissing_125_final.mp4
8,2,hugging_kissing_126_final.mp4
9,2,hugging_kissing_127_final.mp4
10,2,hugging_kissing_130_final.mp4
11,3,teaching_152_final.mp4
12,3,teaching_154_final.mp4
13,3,teaching_155_final.mp4
14,3,teaching_158_final.mp4
15,3,teaching_159_final.mp4
16,4,assembly_line_10_final.mp4
17,4,assembly_line_12_final.mp4
18,4,assembly_line_13_final.mp4
19,4,assembly_line_16_final.mp4
20,4,assembly_line_9_final.mp4
21,5,cooking_35_final.mp4
22,5,cooking_37_final.mp4
23,5,cooking_38_final.mp4
24,5,cooking_39_final.mp4
25,5,cooking_40_final.mp4
26,6,gardening_115_final.mp4
27,6,gardening_117_final.mp4
28,6,gardening_118_final.mp4
29,6,gardening_120_final.mp4
30,6,gardening_123_final.mp4
31,7,arts_crafts_1_final.mp4
32,7,arts_crafts_3_final.mp4
33,7,arts_crafts_4_final.mp4
34,7,arts_crafts_6_final.mp4
35,7,arts_crafts_7_final.mp4
36,8,playing_instrument_141_final.mp4
37,8,playing_instrument_143_final.mp4
38,8,playing_instrument_146_final.mp4
39,8,playing_instrument_149_final.mp4
40,8,playing_instrument_151_final.mp4
41,9,eating_71_final.mp4
42,9,eating_73_final.mp4
43,9,eating_76_final.mp4
44,9,eating_180_final.mp4
45,9,eating_181_final.mp4
46,10,eating_72_final.mp4
47,10,eating_81_final.mp4
48,10,eating_85_final.mp4
49,10,eating_86_final.mp4
50,10,eating_90_final.mp4
51,11,dancing_59_final.mp4
52,11,dancing_60_final.mp4
53,11,dancing_61_final.mp4
54,11,dancing_62_final.mp4
55,11,dancing_63_final.mp4
56,12,dancing_64_final.mp4
57,12,dancing_65_final.mp4
58,12,dancing_68_final.mp4
59,12,dancing_69_final.mp4
60,12,dancing_183_final.mp4
61,13,exercising_92_final.mp4
62,13,exercising_93_final.mp4
63,13,exercising_95_final.mp4
64,13,exercising_98_final.mp4
65,13,exercising_99_final.mp4
66,14,exercising_102_final.mp4
67,14,exercising_104_final.mp4
68,14,exercising_106_final.mp4
69,14,exercising_108_final.mp4
70,14,exercising_111_final.mp4
71,15,cosmetics_grooming_49_final.mp4
72,15,cosmetics_grooming_50_final.mp4
73,15,cosmetics_grooming_51_final.mp4
74,15,cosmetics_grooming_55_final.mp4
75,15,cosmetics_grooming_56_final.mp4
76,16,cosmetics_grooming_41_final.mp4
77,16,cosmetics_grooming_43_final.mp4
78,16,cosmetics_grooming_44_final.mp4
79,16,cosmetics_grooming_46_final.mp4
80,16,cosmetics_grooming_48_final.mp4
81,17,using_tools_162_final.mp4
82,17,using_tools_164_final.mp4
83,17,using_tools_166_final.mp4
84,17,using_tools_168_final.mp4
85,17,using_tools_169_final.mp4
86,18,using_tools_170_final.mp4
87,18,using_tools_172_final.mp4
88,18,using_tools_173_final.mp4
89,18,using_tools_180_final.mp4
90,18,using_tools_181_final.mp4
